Proof,Romance/Erotica,Deposition and a Dare,"Adams, Evelyn",Adams_Evelyn_Saints_and_Sinners_Bk_1_Deposition_and_a_Dare
Proof,Romance/Erotica,Falling Free,"Adams, Evelyn",Adams_Evelyn_Southerland_Security_Bk_1_Falling_Free
Proof,Romance/Erotica,Wicked Intent,"Adams, Evelyn",Adams_Evelyn_Southerland_Security_Bk_2_Wicked_Intent
Proof,Romance/Erotica,Closer This Time,"Adams, Evelyn",Adams_Evelyn_Southerland_Security_Bk_3_Closer_This_TIme
Proof,Romance/Erotica,Slow Motion,"Adams, Evelyn",Adams_Evelyn_Southerland_Security_Bk_4_Slow_Motion
Proof,Romance/Erotica,Southerlands Bk 6,"Adams, Evelyn",Adams_Evelyn_The_Southerlands_Bk_6_Love_at_the_Lost_and_Found
Proof,Romance/Erotica,Laws of Attraction,"Adams, Evelyn",Adams_Evelyn_The_Southerlands_Bk_7_Laws_of_Attraction
Proof,Romance/Erotica,Someone to Love,"Adams, Evelyn",Adams_Evelyn_The_Southerlands_Bk_8_Someone_to_Love
Proof,Romance/Erotica,Baby novella - Wanted,"Adams, Evelyn",Adams_Evelyn_Wanted_Feel the Heat Collection
Copyedit,Romance/Erotica,His To Protect,"Aitken, Elena",Aikten_Elena_Bears_of_Grizzly_Ridge_Bk_1_His_To_Protect
Copyedit,Romance/Erotica,His To Seduce,"Aitken, Elena",Aikten_Elena_Bears_of_Grizzly_Ridge_Bk_2_His_to_Secuce
Copyedit,Romance/Erotica,His to Claim,"Aitken, Elena",Aikten_Elena_Bears_of_Grizzly_Ridge_Bk_3_His_to_Claim
Copyedit,Romance/Erotica,Hers To Take,"Aitken, Elena",Aikten_Elena_Bears_of_Grizzly_Ridge_Bk_4_Hers_to_Take
Copyedit,Romance/Erotica,Shelter by the Sea,"Aitken, Elena",Aikten_Elena_Destintation_Paradise_Bk_1_Shelter_by_the_Sea
Copyedit,Romance/Erotica,Escape to the Sun,"Aitken, Elena",Aikten_Elena_Destintation_Paradise_Bk_2_Escape_to_the_Sun
Proof,Romance/Erotica,Unexpected Gifts,"Aitken, Elena",Aitken_Elena_Castle_Mtn_Bk_1_Unexpected Gifts
Copyedit,Romance/Erotica,Hidden Gifts,"Aitken, Elena",Aitken_Elena_Castle_Mtn_Bk_2.0_Hidden_Gifts
Proof,Romance/Erotica,Mistaken Gifts,"Aitken, Elena",Aitken_Elena_Castle_Mtn_Bk_3_Mistaken_Gifts
Proof,Romance/Erotica,Secret Gifts,"Aitken, Elena",Aitken_Elena_Castle_Mtn_Bk_4_Secret_Gifts
Proof,Romance/Erotica,Goodbye Gifts,"Aitken, Elena",Aitken_Elena_Castle_Mtn_Bk_5_Goodbye_Gifts
Copyedit,Romance/Erotica,Tempting Gifts,"Aitken, Elena",Aitken_Elena_Castle_Mtn_Bk_6_Tempting_Gifts
Copyedit,Romance/Erotica,Holiday Gifts,"Aitken, Elena",Aitken_Elena_Castle_Mtn_Bk_7_Holiday_Gifts
Copyedit,Romance/Erotica,Accidental Gifts,"Aitken, Elena",Aitken_Elena_Castle_Mtn_Bk_8a_Accidental_Gifts
Copyedit,Romance/Erotica,Promised Gifts,"Aitken, Elena",Aitken_Elena_Castle_Mtn_Bk_8b_Promised_Gifts
Proof,Romance/Erotica,Composing Myself,"Aitken, Elena",Aitken_Elena_ComposingMyself
Proof,Romance/Erotica,Drawing Free,"Aitken, Elena",Aitken_Elena_DrawingFree
Copyedit,Romance/Erotica,He Loves Me. Loves Me Not - Daisy Chain,"Aitken, Elena",Aitken_Elena_HeLovesMeKindleWorld
Copyedit,Fiction,Halfway to Nowhere,"Aitken, Elena",Aitken_Elena_Holmes_Steena_Bk_1_HalfwayToNowhere
Copyedit,Fiction,Halfway In Between,"Aitken, Elena",Aitken_Elena_Holmes_Steena_Bk_2_HalfwayInBetween
Copyedit,Fiction,Halfway to Christmas,"Aitken, Elena",Aitken_Elena_Holmes_Steena_bk_3_HalfwaytoChristmas
Copyedit,Romance/Erotica,Love in the Moment,"Aitken, Elena",Aitken_Elena_TheMcCormicks_Bk_1.0_LoveInTheMoment
Copyedit,Romance/Erotica,Going for the Moment,"Aitken, Elena",Aitken_Elena_TheMcCormicks_Bk_1.5_GoingForTheMoment
Copyedit,Romance/Erotica,Only for a Moment,"Aitken, Elena",Aitken_Elena_TheMcCormicks_Bk_2_OnlyForAMoment
Copyedit,Romance/Erotica,One More Moment,"Aitken, Elena",Aitken_Elena_TheMcCormicks_Bk_3_OneMoreMoment
Copyedit,Romance/Erotica,In this Moment,"Aitken, Elena",Aitken_Elena_TheMcCormicks_Bk_4_InThisMoment
Copyedit,Romance/Erotica,From This Moment,"Aitken, Elena",Aitken_Elena_TheMcCormicks_Bk_5_FromThisMoment
Copyedit,Romance/Erotica,The Summer of Change,"Aitken, Elena",Aitken_Elena_TheSprings_Bk_1_SummerOfChange
Copyedit,Romance/Erotica,Falling Into Forever,"Aitken, Elena",Aitken_Elena_TheSprings_Bk_2.0_FallingIntoForever
Copyedit,Romance/Erotica,Winter's Burn,"Aitken, Elena",Aitken_Elena_TheSprings_Bk_3_WintersBurn
Copyedit,Romance/Erotica,Midnight Springs,"Aitken, Elena",Aitken_Elena_TheSprings_Bk_4.0_MidnightSprings
Copyedit,Romance/Erotica,She's Making A List,"Aitken, Elena",Aitken_Elena_TheSprings_Bk_4.5_She'sMakingAList
Copyedit,Romance/Erotica,Summit of Passion,"Aitken, Elena",Aitken_Elena_TheSprings_Bk_5_SummitOfDesireStoneSummitBk1
Copyedit,Romance/Erotica,Summit of Desire,"Aitken, Elena",Aitken_Elena_TheSprings_Bk_5_SummitOfDesireStoneSummitBk1
Copyedit,Romance/Erotica,Summit of Seduction,"Aitken, Elena",Aitken_Elena_TheSprings_Bk_6_SummitOfSeductionStoneSummitBk2
Copyedit,Romance/Erotica,Fighting For Forever,"Aitken, Elena",Aitken_Elena_TheSprings_Bk_8_FightingForForever
Copyedit,Fiction,When We Left,"Aitken, Elena",Aitken_Elena_TimberCreekBk1_WhenWeLeft
Proof,Fiction,Nothing Stays In Vegas,"Aitken, Elena",Aitken_Elena_VegasBk1_NothingStaysInVegas
Copyedit,Fiction,Return to Vegas,"Aitken, Elena",Aitken_Elena_VegasBk2_ReturnToVegas
Copyedit,Romance/Erotica,"Tall, Dark and Damaged","Andre, Sarah",Andre_Sara_TallDarkandDamaged
Proof,Romance/Erotica,Hush,"Baldwin, Carey",Baldwin_Carey_Hush
Copyedit,"Action, Mystery, Suspense",Discretion,"Balzarini, David",Balzarini_David_Discretion
Copyedit,Fiction,The Passerby Part 1,"Balzarini, David",Balzarini_David_ThePasserbyPart1
Copyedit,Fiction,The Passerby Part II,"Balzarini, David",Balzarini_David_ThePasserbyPart2
Proof,"Science Fiction, Fantasy, Paranormal, Superhero, RPGLit",Snow White,"Barak, Reut",Barak_Raut_FunnyFairyTales_SnowWhiteAndTheSevenDwarfs
Proof,"Science Fiction, Fantasy, Paranormal, Superhero, RPGLit",Hansel & Gretel,"Barak, Reut",Barak_Reut_FunnyFairyTales_HanselAndGretel
Proof,"Science Fiction, Fantasy, Paranormal, Superhero, RPGLit",Rapunzel,"Barak, Reut",Barak_Reut_FunnyFairyTales_Rapunzel
Proof,"Science Fiction, Fantasy, Paranormal, Superhero, RPGLit",Red Riding Hood,"Barak, Reut",Barak_Reut_FunnyFairyTales_RedRidingHood
Proof,"Science Fiction, Fantasy, Paranormal, Superhero, RPGLit",Sleeping Beauty,"Barak, Reut",Barak_Reut_FunnyFairyTales_Sleeping Beauty
Copyedit,"Science Fiction, Fantasy, Paranormal, Superhero, RPGLit",A Caribbean Spell,"Betita, Maureen",Betita_Maureen_ACaribbeanSpell
Copyedit,"Science Fiction, Fantasy, Paranormal, Superhero, RPGLit",Red Sean's Revenge,"Betita, Maureen",Betita_Maureen_SeansRevenge
Copyedit,"Science Fiction, Fantasy, Paranormal, Superhero, RPGLit",The French Gambit,"Betita, Maureen",Betita_Maureen_TheFrenchGambit
Proof,Fiction,Not Sure Boys,"Bettencourt, Rick",Bettencourt_Rick_NotSureBoys-
Proof,Fiction,Summerwind Magick,"Bettencourt, Rick",Bettencourt_Rick_SummerwindMagick
Proof,Fiction,Tim on Broadway,"Bettencourt, Rick",Bettencourt_Rick_TimOnBroadwaySeasonOneEpisode1
Copyedit,"Science Fiction, Fantasy, Paranormal, Superhero, RPGLit",Bright's Passion,"Black, EB",Black_EB_BrightsPassion
Copyedit,"Science Fiction, Fantasy, Paranormal, Superhero, RPGLit",Steampunk Romance,"Black, EB",Black_EB_GaslightsAndGravesCollection
Copyedit,"science Fiction, Fantasy, Paranormal, Superhero, RPGLit",Medusa's Desire,"Black, EB",Black_EB_MedusasDesire
Copyedit,"Science Fiction, Fantasy, Paranormal, Superhero, RPGLit",Night's Lust,"Black, EB",Black_EB_NightsLust
Copyedit,"Science Fiction, Fantasy, Paranormal, Superhero, RPGLit",Pandora's Mistake,"Black, EB",Black_EB_PandorasMistake
Copyedit,"Science Fiction, Fantasy, Paranormal, Superhero, RPGLit",Zombie Romance,"Black, EB",Black_EB_ZombieApocalypseCollection
Proof,"Action, Mystery, Suspense",Dead in a Park,"Blair, BL",Blair_BL_DeadInAPark
Copyedit,Romance/Erotica,Boxer Briefs and Boots,"Blaze, Aine",Blaze_Aine_BoxerBriefsandBoots
Copyedit,"Science Fiction, Fantasy, Paranormal, Superhero, RPGLit",Miss Hyde,"Bold, Imogen",Bold_Imogen_MissHydeLastWaltzInVienna
Proof,Romance/Erotica,A Stranger's Touch,"Boroughs, Roxy",Boroughs_Roxy_AStrangersTouch
Proof,Romance/Erotica,Lady Outlaw,"Bradley, Ava",Bradley_Ava_LadyOutlaw
Copyedit,Fiction,Intuition,"Bradley, Jenni",Bradley_Jenni_Intuition
Copyedit,Romance/Erotica,Release Me,"Bradley, Jenni",Bradley_Jenni_MidwestBK1_ReleaseMe
Copyedit,Romance/Erotica,Seduce Me,"Bradley, Jenni",Bradley_Jenni_MidwestBk2_SeduceMe
Copyedit,Romance/Erotica,Tame Me,"Bradley, Jenni",Bradley_Jenni_MidwestBk3_TameMe
Copyedit,Romance/Erotica,Throw Me A Bone,"Bradley, Jenni",Bradley_Jenni_ThrowMeABone
Copyedit,"Action, Mystery, Suspense",The Kona Shuffle,"Bradley, Tom",Bradley_Tom_NoelaniLeeMysteryBk1_TheKonaShuffle
Copyedit,"Action, Mystery, Suspense",The Hilo Hustle,"Bradley, Tom",Bradley_Tom_NoelaniLeeMysteryBk2_TheHiloHustle
Copyedit,"Action, Mystery, Suspense",The Pahala Twist,"Bradley, Tom",Bradley_Tom_NoelaniLeeMysteryBk3_ThePahalaTwist
Copyedit,"Action, Mystery, Suspense",Waimea Two-Step,"Bradley, Tom",Bradley_Tom_NoelaniLeeMysteryBk4_TheWaimeaTwo-Step
Copyedit,"science Fiction, Fantasy, Paranormal, Superhero, RPGLit",Soul Mind,"Brink, Will",Brink_Will_SoulMind
Copyedit,"Science Fiction, Fantasy, Paranormal, Superhero, RPGLit",The N Word,"Brink, Will",Brink_Will_TheNWord
Copyedit,"Science Fiction, Fantasy, Paranormal, Superhero, RPGLit",Zombie Sex Slaves Wait For No Man,"Brink, Will",Brink_Will_ZombieSexSlaves
Copyedit,"Action, Mystery, Suspense",The Dolls' House,"Brown, Li",BrownLi_TheDollsHouse
Copyedit,Fiction,Soul  Witness,"Buczynski, Daria",Buczynski_Daria_SoulWitness
Proof,"Science Fiction, Fantasy, Paranormal, Superhero, RPGLit",Forgotten Darkness,"Cannon, Sarra",Cannon_Sarra_ForgottenDarkness
Proof,"Science Fiction, Fantasy, Paranormal, Superhero, RPGLit",Emerald Darkness,"Cannon, Sarra",Cannon_Sarra_TheEmeraldDarkness
Copyedit,"Science Fiction, Fantasy, Paranormal, Superhero, RPGLit",Pockets of the Dead,"Carr, Karen",Carr_Karen_DawnlandBk1_PocketsoftheDead
Copyedit,"Science Fiction, Fantasy, Paranormal, Superhero, RPGLit",Hella Kills,"Carr, Karen",Carr_Karen_DawnlandBk2_HellaKills
Copyedit,"Science Fiction, Fantasy, Paranormal, Superhero, RPGLit",The Harrow Bk 1,"Carr, Karen",Carr_Karen_HarrowBk1_TheHarrow
Copyedit,"Science Fiction, Fantasy, Paranormal, Superhero, RPGLit",Kill School: Slice,"Carr, Karen",Carr_Karen_KillSchoolBk1_Slice
Copyedit,"Science Fiction, Fantasy, Paranormal, Superhero, RPGLit",Kill School Grace,"Carr, Karen",Carr_Karen_KillSchoolBk2_Grace
Proof,Fiction,Dust to Dust,"Cervantes, Susan",Cervantes_SP_DustToDust
Copyedit,Romance/Erotica,Jar of Hearts,"Cervantes, Susan",Cervantes_SP_HisJarOfHearts
Copyedit,Romance/Erotica,Always and Forever,"Cervantes, Susan",Cervantes_SP_SecretsOfShadowHillBk1_AlwaysAndForever
Copyedit,"Science Fiction, Fantasy, Paranormal, Superhero, RPGLit",War of Wizards,"Cervantes, Susan",Cervantes_SP_SecretsOfShadowHillBk3_warwizards
Copyedit,Fiction,The Wife,"Cervantes, Susan",Cervantes_SP_TheWife
Proof,Romance/Erotica,Sheltered Heart,"Charles, Eva",Charles_Eva_NewAmericanRoyalsBk1_ShelteredHeart
Proof,Romance/Erotica,Unforgettable,"Charles, Eva",Charles_Eva_NewAmericanRoyalsBk4_Unforgettable
Copyedit,Romance/Erotica,Loyal Subjects,"Charles, Eva",Charles_Eva_NewAmericanRoyalsBk5_LoyalSubjects
Copyedit,"Action, Mystery, Suspense",Serial Games,"K. Victoria, Chase",Chase_KVictoria_VirginiaJusticeBk1_SerialGames
Copyedit,"Action, Mystery, Suspense",Marked by the Mob,"K. Victoria, Chase",Chase_KVictoria_VirginiaJusticeBk2_MarkedByTheMob
Copyedit,"Action, Mystery, Suspense",Killer Shoot,"K. Victoria, Chase",Chase_KVictoria_VirginiaJusticeBk3_KillerShoot
Copyedit,Romance/Erotica,A Lasting Love,"K. Victoria, Chase",ChaseKVictoria_ALastingLove
Copyedit,"Action, Mystery, Suspense",Alejandro,"K. Victoria, Chase",ChaseKVictoria_Alejandro
Copyedit,Romance/Erotica,A Merry Love,"K. Victoria, Chase",ChaseKVictoria_AMerryLove
Copyedit,Romance/Erotica,From Across the Divide,"K. Victoria, Chase",ChaseKVictoria_FromAcrossTheDivide
Copyedit,"Action, Mystery, Suspense",Rafael,"K. Victoria, Chase",ChaseKVictoria_Rafael
Copyedit,"Action, Mystery, Suspense",Ricardo,"K. Victoria, Chase",ChaseKVictoria_Ricardo
Copyedit,Romance/Erotica,A Thankful Love,"K. Victoria, Chase",ChaseKVictoria_ThankfulLove
Copyedit,Romance/Erotica,Mail Order Bride - Lucy,"Clopton, Debra",Chasen_ElizabethBk1_TheLawmansMailOrderBride
Copyedit,Romance/Erotica,The Preacher's Mail Order Bride,"Clopton, Debra",Chasen_ElizabethBk2_PreachersMailOrderBride
Copyedit,"Science Fiction, Fantasy, Paranormal, Superhero, RPGLit",Trapped Mind,"Chatfield, Mike",Chatfield_Mike_EmeriliaBk1_TrappedMindProject
Copyedit,"Science Fiction, Fantasy, Paranormal, Superhero, RPGLit",The Pantheon Moves,"Chatfield, Mike",Chatfield_Mike_EmeriliaBk10ThePantheonMoves
Copyedit,"Science Fiction, Fantasy, Paranormal, Superhero, RPGLit",Empire Burning,"Chatfield, Mike",Chatfield_Mike_EmeriliaBk11_EmpireBurning
Copyedit,"Science Fiction, Fantasy, Paranormal, Superhero, RPGLit",Benvari Mountains,"Chatfield, Mike",Chatfield_Mike_EmeriliaBk2_BenvariMountains
Copyedit,"Science Fiction, Fantasy, Paranormal, Superhero, RPGLit",For the Guild,"Chatfield, Mike",Chatfield_Mike_EmeriliaBk3_ForTheGuild
Copyedit,"Science Fiction, Fantasy, Paranormal, Superhero, RPGLit",New Horizons,"Chatfield, Mike",Chatfield_Mike_EmeriliaBk4_NewHorizons
Copyedit,"Science Fiction, Fantasy, Paranormal, Superhero, RPGLit",This Is Our Land,"Chatfield, Mike",Chatfield_Mike_EmeriliaBk5_ThisIsOurLand
Copyedit,"Science Fiction, Fantasy, Paranormal, Superhero, RPGLit",Stone Raiders Return,"Chatfield, Mike",Chatfield_Mike_EmeriliaBk6_StoneRaidersReturn
Copyedit,"Science Fiction, Fantasy, Paranormal, Superhero, RPGLit",Time of Change,"Chatfield, Mike",Chatfield_Mike_EmeriliaBk7_TimeOfChange
Copyedit,"Science Fiction, Fantasy, Paranormal, Superhero, RPGLit",Beyond Expectations,"Chatfield, Mike",Chatfield_Mike_EmeriliaBk8_BeyondAllExpectations
Copyedit,"Science Fiction, Fantasy, Paranormal, Superhero, RPGLit",Myths & Legends,"Chatfield, Mike",Chatfield_Mike_EmeriliaBk9_OfMythsAndLegends
Copyedit,"Science Fiction, Fantasy, Paranormal, Superhero, RPGLit",The Recruitment,"Chatfield, Mike",Chatfield_Mike_RiseOfTheFreeFleetBk1_The Recruitment
Copyedit,Romance/Erotica,Unbreakable Devotion,"Chayse, Amanda",Chayse_Amanda_Bk1_UnbreakableDevotion
Copyedit,Romance/Erotica,Unbreakable Devotion Bk 2,"Chayse, Amanda",Chayse_Amanda_Bk2_UnbreakableLove
Copyedit,Romance/Erotica,Unbreakable Together,"Chayse, Amanda",Chayse_Amanda_Bk3_UnbreakableTogether
Copyedit,Romance/Erotica,Ransom Creek - Shane,"Clopton, Debra",Clopton_Debra_CowboysOfRansomCreekBK1_HerCowboyHero
Copyedit,Romance/Erotica,Bride for Hire,"Clopton, Debra",Clopton_Debra_CowboysOfRansomCreekBk2_BrideForHire
Copyedit,Romance/Erotica,Cowboys of  Ransom Creek - Cooper,"Clopton, Debra",Clopton_Debra_CowboysOfRansomCreekBk3_Cooper
Copyedit,Romance/Erotica,Dalton - New Horizons Ranch,"Clopton, Debra",Clopton_Debra_NewHorizonRanchBk5_Dalton
Copyedit,Romance/Erotica,New Horizon Ranch Bk 6 Treb,"Clopton, Debra",Clopton_Debra_NewHorizonRanchBk6_Treb
Copyedit,Romance/Erotica,New Horizon Ranch Bk 8 Austin,"Clopton, Debra",Clopton_Debra_NewHorizonRanchBk8_Austin
Copyedit,Romance/Erotica,From This Moment On,"Clopton, Debra",Clopton_Debra_WindsweptBayBk1_FromThisMomentOn
Copyedit,Romance/Erotica,With This Forever,"Clopton, Debra",Clopton_Debra_WindsweptBayBk10_WithThisForever
Copyedit,Romance/Erotica,Somewhere With You,"Clopton, Debra",Clopton_Debra_WindsweptBayBk2_SomewhereWithYou
Copyedit,Romance/Erotica,With This Kiss,"Clopton, Debra",Clopton_Debra_WindsweptBayBk3_WithThisKiss
Copyedit,Romance/Erotica,Forever and For Always,"Clopton, Debra",Clopton_Debra_WindsweptBayBk4_ForeverAndForAlways
Copyedit,Romance/Erotica,Holding Out For Love,"Clopton, Debra",Clopton_Debra_WindsweptBayBk5_HoldingOutForLove
Copyedit,Romance/Erotica,With This Ring,"Clopton, Debra",Clopton_Debra_WindsweptBayBk6_WIthThisRing
Copyedit,Romance/Erotica,With This Promise,"Clopton, Debra",Clopton_Debra_WindsweptBayBk7_WithThisPromise
Copyedit,Romance/Erotica,With This Pledge,"Clopton, Debra",Clopton_Debra_WindsweptBayBk8_WithThisPledge
Copyedit,Romance/Erotica,With This Wish,"Clopton, Debra",Clopton_Debra_WindsweptBayBk9_WithThisWish
Copyedit,"Action, Mystery, Suspense",Bagel Helps Find Robin Hood,"Coburn, Ed",Coburn_Edward_Bagel_Helps_Find_Robin_Hood
Copyedit,"Action, Mystery, Suspense",The Dog Who Ate the Airplane,"Coburn, Ed",Coburn_Edward_Bk1_Dog_Ate_Airplane
Copyedit,"Action, Mystery, Suspense",The Dog Who Ate the Burgler,"Coburn, Ed",Coburn_Edward_Bk2_Dog_Who_Ate_Burglar
Copyedit,"Action, Mystery, Suspense",The Dog Who Ate the Crossbow,"Coburn, Ed",Coburn_Edward_Bk3_Dog_Who_Ate_Crossbow
Copyedit,"Action, Mystery, Suspense",Dog Ate Drawing,"Coburn, Ed",Coburn_Edward_Bk4_Dog_Who_Ate_Drawing
Copyedit,"Action, Mystery, Suspense",Dog Who Ate the Elephant,"Coburn, Ed",Coburn_Edward_bK5_Dog_Who_Ate_the_Elephant
Copyedit,Fiction,Fragmented,"Connally, Colleen",Connally_Colleen_BostonCrimeOfPassions_Bk1Fragmented
Copyedit,Fiction,Framed,"Connally, Colleen",Connally_Colleen_BostonCrimeOfPassions_Bk2Framed
Copyedit,"Science Fiction, Fantasy, Paranormal, Superhero, RPGLit",The Path Now Turned,"Connally, Colleen",Connally_Colleen_TheThreeRealms_Bk2_ThePathNowTurned
Copyedit,Fiction,Broken Legacy,"Connally, Colleen",ConnallyColleen_BrokenLegacy
Copyedit,Fiction,Seductive Lies,"Connally, Colleen",ConnallyColleen_SeductiveLies
Copyedit,Fiction,Stumptown,"Constantine, Thea",Constantine_Thea_Stumptown
Proof,"Action, Mystery, Suspense",The Blueprint,"Cross, Wesley",Cross_Wesley_TheBlueprint
Copyedit,Romance/Erotica,The Deadly Thief,"Crowe, Mallory",Crowe_Mallory_StolenHeartsBk7_DeadlyThief
Copyedit,Romance/Erotica,The Arrogant Thief,"Crowe, Mallory",Crowe_Mallory_StolenHeartsBk8_TheArrogantThief
Copyedit,Romance/Erotica,Finding Fire,"Crowe, Mallory",CroweMallory_BadBoysOfTheUnderworldBk1_FindingFire
Copyedit,"Science Fiction, Fantasy, Paranormal, Superhero, RPGLit",Daring Fire,"Crowe, Mallory",CroweMallory_BadBoysOfTheUnderworldBk2_DaringFire
Copyedit,"Science Fiction, Fantasy, Paranormal, Superhero, RPGLit",Binding Fire,"Crowe, Mallory",CroweMallory_BadBoysOfTheUnderworldBk3_BindingFire
Copyedit,"Science Fiction, Fantasy, Paranormal, Superhero, RPGLit",Ruling Fire,"Crowe, Mallory",CroweMallory_BadBoysOfTheUnderworldBk4_RulingFire
Copyedit,"Science Fiction, Fantasy, Paranormal, Superhero, RPGLit",Stealing Fire,"Crowe, Mallory",CroweMallory_BadBoysOfTheUnderworldBk5_StealingFire
Copyedit,"Action, Mystery, Suspense",Bewitching Hour,"Crowe, Mallory",CroweMallory_BetwitchingHourBk1_TheBewitchingHour
Copyedit,"Action, Mystery, Suspense",Burning Gold,"Crowe, Mallory",CroweMallory_BetwitchingHourBk2_BurningGold
Copyedit,"Action, Mystery, Suspense",Long and Lost,"Crowe, Mallory",CroweMallory_BetwitchingHourBk3_LongAndLost
Copyedit,"Science Fiction, Fantasy, Paranormal, Superhero, RPGLit",A Little Wicked,"Crowe, Mallory",CroweMallory_BewitchingHourBk4_ALittleWicked
Copyedit,"Science Fiction, Fantasy, Paranormal, Superhero, RPGLit",Raise Hell,"Crowe, Mallory",CroweMallory_BewitchingHourBk5_RaiseHell
Copyedit,Romance/Erotica,Teaching the Boss,"Crowe, Mallory",CroweMallory_BillionairesInTheCityBk1_TeachingTheBoss
Copyedit,Romance/Erotica,Teasing the Boss,"Crowe, Mallory",CroweMallory_BillionairesInTheCityBk2_TeasingTheBoss
Copyedit,Romance/Erotica,Tempting the Boss,"Crowe, Mallory",CroweMallory_BillionairesInTheCityBk3_TemptingTheBoss
Copyedit,Romance/Erotica,Falling Secrets,"Crowe, Mallory",CroweMallory_CrossFallsBk1_FallingSecrets
Copyedit,Romance/Erotica,Falling Lies,"Crowe, Mallory",CroweMallory_CrossFallsBk2_FallingLies
Copyedit,Romance/Erotica,Falling Truth,"Crowe, Mallory",CroweMallory_CrossFallsBk3_FallingTruth
Copyedit,Romance/Erotica,Touching Jace,"Crowe, Mallory",CroweMallory_DevereauxBillionairesBk1_TouchingJace
Copyedit,Romance/Erotica,Trusting Michael,"Crowe, Mallory",CroweMallory_DevereauxBillionairesBk2_TrustingMichael
Copyedit,Romance/Erotica,Testing Luke,"Crowe, Mallory",CroweMallory_DevereauxBillionairesBk3_TestingLuke
Copyedit,Romance/Erotica,Taming Rourke,"Crowe, Mallory",CroweMallory_DevereauxBillionairesBk4_TamingRourke
Copyedit,Romance/Erotica,Ruthless,"Crowe, Mallory",CroweMallory_FracturedFarrellsBk1_Ruthless
Copyedit,Romance/Erotica,Reckless,"Crowe, Mallory",CroweMallory_FracturedFarrellsBk2_Reckless
Copyedit,Romance/Erotica,Remorseless,"Crowe, Mallory",CroweMallory_FracturedFarrellsBk3_Remorseless
Copyedit,Romance/Erotica,Restless,"Crowe, Mallory",CroweMallory_FracturedFarrellsBk4_Restless
Copyedit,Romance/Erotica,Relentless,"Crowe, Mallory",CroweMallory_FracturedFarrellsBk5_Relentless
Copyedit,Romance/Erotica,Burning Love/Spark of Desire,"Crowe, Mallory",CroweMallory_SparksOfDesire_RealMenDoItBetter
Copyedit,Romance/Erotica,The Perfect Lie,"Crowe, Mallory",CroweMallory_ThePerfectLie_HopeFalls_KindleWorld
Copyedit,Romance/Erotica,The Cocky Thief,"Crowe, Mallory",CroweMallory_ThiefBk1_TheCockyThief
Copyedit,Romance/Erotica,The Beautiful Thief,"Crowe, Mallory",CroweMallory_ThiefBk2_TheBeautifulThief
Copyedit,Romance/Erotica,The Dangerous Thief,"Crowe, Mallory",CroweMallory_ThiefBk3_TheDangerousThief
Copyedit,Romance/Erotica,The Reluctant Thief,"Crowe, Mallory",CroweMallory_ThiefBk4_TheReluctantThief
Copyedit,Romance/Erotica,The Vengeful Thief,"Crowe, Mallory",CroweMallory_ThiefBk5.0_TheVengefulThief
Copyedit,Romance/Erotica,The Christmas Heist,"Crowe, Mallory",CroweMallory_ThiefBk5.5_TheChristmasHeistNovella
Copyedit,Romance/Erotica,The Cunning Thief,"Crowe, Mallory",CroweMallory_ThiefBk6_TheCunningThief
Copyedit,Fiction,The Vineyards of Allegretti,"Davies, Jen",Davies_JM_TheVineyardsOfAllgretti
Copyedit,"Science Fiction, Fantasy, Paranormal, Superhero, RPGLit",Capturing the Last Welsh Witch,"Davies, Jen",DaviesJM_TheRiseOfOrionBK1_CapturingTheLastWelshWitch
Copyedit,"Science Fiction, Fantasy, Paranormal, Superhero, RPGLit",The Witch's Heart,"Davies, Jen",DaviesJM_TheRiseOfOrionBkk2_TheWitchesHeart
Copyedit,"Science Fiction, Fantasy, Paranormal, Superhero, RPGLit",Demon Breach,"Davis, JC",Davis_JC_TheDemonBreach
Proof,Romance/Erotica,Ski Slope Sparks,"DeBois, Monique",Debois_Monique_SkiSlopeSparks
Proof,Romance/Erotica,Lies,"DeBois, Monique",DeBois_Monique_TheArrangementLiesKindleWorlds
Proof,Romance/Erotica,The Arrangement,"DeBois, Monique",DeBois_Monique_TheArrangementSecretsKindleWorlds
Copyedit,Fiction,Keeper of the Innocent,"Dixon, Laryl",Dixon_Laryl_Keeper
Copyedit,Fiction,Divorcing Amy,"Dove, Julieann",DoveJulieann_AmyBk2_LeavingAmy
Copyedit,Fiction,Finding Amy,"Dove, Julieann",DoveJulieann_AmyBk3_FindingAmy 
Copyedit,Fiction,Searching for Sarah,"Dove, Julieann",DoveJulieann_SarahBk1_SearchingForSarah
Copyedit,Fiction,Pursuing Sarah,"Dove, Julieann",DoveJulieann_SarahBk2_PursuingSarah
Copyedit,Fiction,Falling For Sarah,"Dove, Julieann",DoveJulieann_SarahBk3_FallingForSarah
Copyedit,Fiction,The Heart Remembers/The Secret He Keeps,"Dove, Julieann",DoveJulieann_TheSecretHeKeeps
Proof,Romance/Erotica,Paris Prats,"Ellery, Gwen",Ellery_Gwen_ParisBrats_Episode01
Copyedit,"Science Fiction, Fantasy, Paranormal, Superhero, RPGLit",Fatal Illusion,"Etherton, Tameri",Etherton_Tameri_FatalIllusion
Proof,"Science Fiction, Fantasy, Paranormal, Superhero, RPGLit",Stones of Kaldaar,"Etherton, Tameri",Etherton_Tameri_StonesOfKaldaar
Proof,"Science Fiction, Fantasy, Paranormal, Superhero, RPGLit",Darathi Vorsi Prince,"Etherton, Tameri",Etherton_Tameri_TheDarathiVorsiPrince
Proof,"Science Fiction, Fantasy, Paranormal, Superhero, RPGLit",Temple of Ardyn,"Etherton, Tameri",Etherton_Tameri_TheTempleOfArydn
Copyedit,Fiction,Infinite Summer,"Evans, Greta Rose",Evans_Greta_TheInfiniteSummer
Proof,Fiction,Halls of Forever,"Faulkner, Linda",Faulkner_Linda_TheHallsOfForever
Copyedit,"Action, Mystery, Suspense",Deadly Race,"Feuer, Elke",Feuer_Elke_DeadlyRace
Proof,"Action, Mystery, Suspense",Deadly Bloodlines,"Feuer, Elke",Feuer_Elke_DeadlySeriesBk1_DeadlyBloodlines
Proof,"Action, Mystery, Suspense",A Second Chance,"Fonnesbeck, Mike",Fonnesbeck_Mike_ASecondChance
Proof,Romance/Erotica,Dangerous Grace,"Ford, Joan Riley",Ford_Riley_J_DangerousGrace
Proof,Romance/Erotica,Just Us Book 1,"Ford, Joan Riley",Ford_Riley_J_JustUsBook1
Proof,Romance/Erotica,Just Us Book 2,"Ford, Joan Riley",Ford_Riley_J_JustUsBook2
Proof,Romance/Erotica,Romance Earthquake Love,"Ford, Joan Riley",Ford_Riley_J_RomanceEarthquakeLove
Proof,Romance/Erotica,Simone Christmas,"Ford, Joan Riley",Ford_Riley_J_Simone_theChristmasHunk
Proof,Romance/Erotica,Simone Bk 1-5,"Ford, Joan Riley",Ford_Riley_J_SimoneBk1-5
Copyedit,"Action, Mystery, Suspense",Dolce,"Victor, Fox",Fox_Victor_Dolce
Copyedit,"Action, Mystery, Suspense",PK - The WiFi Mystery,"Victor, Fox",Fox_Victor_PetraBk1_TheWifiMystery
Copyedit,"Action, Mystery, Suspense",Bluetooth Mystery,"Victor, Fox",Fox_Victor_PetraBk2_TheBluetoothMystery
Proof,Romance/Erotica,Ryder,"Freethy, Barbara",Freethy_Barbara_7BridesFor7Soldiers_Ryder
Proof,Romance/Erotica,Falling Into You,"Freethy, Barbara",Freethy_Barbara_BachelorsAndBridesmaidsBk5_FallingIntoYou
Proof,Romance/Erotica,Forever Starts Tonight,"Freethy, Barbara",Freethy_Barbara_BachelorsAndBridesmaidsBk6_ForeverStartsTonight
Proof,Romance/Erotica,Tender is the Night,"Freethy, Barbara",Freethy_Barbara_CallawaysBk10_TenderIsTheNight
Proof,Romance/Erotica,Closer to You,"Freethy, Barbara",Freethy_Barbara_CallawaysBk11_CloserToYou
Proof,Romance/Erotica,Once You're Mine,"Freethy, Barbara",Freethy_Barbara_CallawaysBk12_OnceYoureMine
Proof,Romance/Erotica,Can't Let GO,"Freethy, Barbara",Freethy_Barbara_CallawaysBk13_CantLetGo
Proof,Romance/Erotica,If I Didn't Know Better,"Freethy, Barbara",Freethy_Barbara_CallawaysBk9_IfIDidn'tKnowBetter
Proof,Romance/Erotica,Beautiful Storm,"Freethy, Barbara",Freethy_Barbara_LightningStrikesBk1_ BeautifulStorm
Proof,Romance/Erotica,Lightning Lingers,"Freethy, Barbara",Freethy_Barbara_LightningStrikesBk2_LightningLingers
Proof,Romance/Erotica,Summer Rain,"Freethy, Barbara",Freethy_Barbara_LightningStrikesBk3_SummerRain
Proof,Romance/Erotica,Perilous Trust,"Freethy, Barbara",Freethy_Barbara_OffTheGridBk1_PerilousTrust
Proof,Romance/Erotica,Reckless Whisper,"Freethy, Barbara",Freethy_Barbara_OffTheGridBk2_RecklessWhisper
Proof,Romance/Erotica,Luke - 7 Brides for 7 Brothers,"Freethy, Barbara",Freethy_Barbara_SevenBridesforSevenBrothers_Luke
Proof,Romance/Erotica,Sweet Somethings,"Freethy, Barbara",Freethy_Barbara_SweetSomethings
Proof,Romance/Erotica,Take Me Home,"Freethy, Barbara",Freethy_Barbara_TakeMeHome
Proof,Romance/Erotica,August Unknown,"Fryer, Pamela",Fryer_Pamela_AugustUnknown
Proof,"Science Fiction, Fantasy, Paranormal, Superhero, RPGLit",Kiss Me Before Dawn,"Fryer, Pamela",Fryer_Pamela_KissMeBeforeDawn
Proof,Romance/Erotica,Last Rights,"Fryer, Pamela",Fryer_Pamela_LastRights
Proof,Romance/Erotica,Once Upon A Christmas Carol,"Fryer, Pamela",Fryer_Pamela_OnceUponAChristmasCarol
Proof,"Science Fiction, Fantasy, Paranormal, Superhero, RPGLit",The Lost Finder,"Fryer, Pamela",Fryer_Pamela_TheLostFinder
Proof,Romance/Erotica,Montana Dawn,"Fyffe, Caroline",Fyffe_Caroline_MontanaDawn
Proof,Romance/Erotica,Where the Wind Blows,"Fyffe, Caroline",Fyffe_Caroline_WhereTheWindBlows
Copyedit,Romance/Erotica,Wilderness Borne,"Green, Gabby",GabbyGreen_Mikayla_WildernessBorne
Copyedit,Fiction,Christmas Future,"Garcia, Rita",Garcia_Rita_AChristmasFuture
Copyedit,Fiction,Kaleidoscope Summer,"Garcia, Rita",Garcia_Rita_KaleidoscopeSummer
Copyedit,Fiction,Lavender Rain,"Garcia, Rita",Garcia_Rita_LavenderRain
Copyedit,Fiction,Tangerine Morning,"Garcia, Rita",Garcia_Rita_TangerineMorning
Copyedit,"Science Fiction, Fantasy, Paranormal, Superhero, RPGLit",Finding Trust,"Gayle, Natalie",Gayle_Natalie_CentreGamesSeriesBk1_FindingTrust
Copyedit,"Science Fiction, Fantasy, Paranormal, Superhero, RPGLit",Finding Judgement,"Gayle, Natalie",Gayle_Natalie_CentreGamesSeriesBk2_FindingJudgement
Copyedit,"Science Fiction, Fantasy, Paranormal, Superhero, RPGLit",Finding Freedom,"Gayle, Natalie",Gayle_Natalie_FindingFreedom
Copyedit,"Science Fiction, Fantasy, Paranormal, Superhero, RPGLit",Finding Resolution,"Gayle, Natalie",Gayle_Natalie_FindingResolution
Copyedit,Romance/Erotica,All In,"Giroux, LC",Giroux_LC_AllIn
Proof,Romance/Erotica,And Keep Her,"Giroux, LC",Giroux_LC_AndKeepHer
Proof,Romance/Erotica,Cupid Must Be Irish,"Giroux, LC",Giroux_LC_CupidMustBeIrish
Proof,Romance/Erotica,Fall Into His Arms,"Giroux, LC",Giroux_LC_FallIntoHisArms
Proof,Romance/Erotica,Love Stranger Than Fiction,"Giroux, LC",Giroux_LC_LoveStrangerThanFiction
Proof,Romance/Erotica,Second Chance at Salvation,"Giroux, LC",Giroux_LC_SecondChanceAtSalvation
Proof,Romance/Erotica,Skater's Girl,"Giroux, LC",Giroux_LC_Skater'sGirl
Copyedit,Romance/Erotica,The Day Before The Night Before Christmas,"Giroux, LC",Giroux_LC_TheDayBeforeTheNightBeforeChristmas
Proof,Romance/Erotica,Where's My Cowboy,"Giroux, LC",Giroux_LC_WheresMyCowboy
Copyedit,Fiction,The Sixteen Rule,"Gonzalez, Evelyn",Gonzalez_Eveyln_The16Rule
Copyedit,Fiction,Grave Danger,"Grant, Rachel",Grant_Rachel_GraveDanger
Copyedit,"Action, Mystery, Suspense",Girl Jacked,"Greyson, Chris",Greyson_Christopher_JackStrattonBk1_GirlJacked
Copyedit,"Action, Mystery, Suspense",Jack Knifed,"Greyson, Chris",Greyson_Christopher_JackStrattonBk2_JackKnifed
Copyedit,"Action, Mystery, Suspense",Jacks Are Wild,"Greyson, Chris",Greyson_Christopher_JackStrattonBk3_JacksAreWild
Copyedit,"Action, Mystery, Suspense",Jack and the Giant Killer,"Greyson, Chris",Greyson_Christopher_JackStrattonBk4_JackAndTheGiantKiller
Copyedit,"Action, Mystery, Suspense",Data Jack,"Greyson, Chris",Greyson_Christopher_JackStrattonBk5_ DataJack
Copyedit,"Action, Mystery, Suspense",Just Jack,"Greyson, Chris",Greyson_Christopher_JackStrattonBk6_JustJack
Copyedit,"Action, Mystery, Suspense",Jack of Hearts,"Greyson, Chris",Greyson_Christopher_JackStrattonBk7_JackOfHearts
Copyedit,"Science Fiction, Fantasy, Paranormal, Superhero, RPGLit",Pure of Heart,"Greyson, Chris",Greyson_Christopher_PureOfHeart
Proof,"Science Fiction, Fantasy, Paranormal, Superhero, RPGLit",Biomech Bk 1,"Halstead, Jason",Halstead_Jason_BiomechSeriesBk1_Transcendent
Proof,"Science Fiction, Fantasy, Paranormal, Superhero, RPGLit",Cookie Cutter Bk. 1,"Halstead, Jason",Halstead_Jason_CookieCuttersSeriesBk1_WhenTheCookieCrumbles
Proof,"Science Fiction, Fantasy, Paranormal, Superhero, RPGLit",Guardian Angel,"Halstead, Jason",Halstead_Jason_DarkEarthLostGirlsSeriesBk5_Guardian
Proof,"Science Fiction, Fantasy, Paranormal, Superhero, RPGLit",Soul Mates,"Halstead, Jason",Halstead_Jason_DarkEarthSeriesBk3_SoulMates
Proof,"Science Fiction, Fantasy, Paranormal, Superhero, RPGLit",Into the Dark,"Halstead, Jason",Halstead_Jason_DarkUniverseBk1_IntoTheDark
Proof,"Science Fiction, Fantasy, Paranormal, Superhero, RPGLit",Out of the Dark,"Halstead, Jason",Halstead_Jason_DarkUniverseBk2_OutOfTheDark
Proof,"Science Fiction, Fantasy, Paranormal, Superhero, RPGLit",Chasing the Dark,"Halstead, Jason",Halstead_Jason_DarkUniverseBk3_ChasingTheDark
Proof,"Science Fiction, Fantasy, Paranormal, Superhero, RPGLit",Dark Star,"Halstead, Jason",Halstead_Jason_DarkUniverseBk4_DarkStar
Proof,"Science Fiction, Fantasy, Paranormal, Superhero, RPGLit",Shades of Dark,"Halstead, Jason",Halstead_Jason_DarkUniverseBk5_ShadesOfDark
Proof,"Science Fiction, Fantasy, Paranormal, Superhero, RPGLit",Lucky Star,"Halstead, Jason",Halstead_Jason_DarkUniverseBk6_LuckyStar
Proof,"Science Fiction, Fantasy, Paranormal, Superhero, RPGLit",Forbidden Love,"Halstead, Jason",Halstead_Jason_HomelandSeriesBk1_ForbiddenLove
Proof,"Science Fiction, Fantasy, Paranormal, Superhero, RPGLit",Broken Slipper,"Halstead, Jason",Halstead_Jason_HomelandSeriesBk2_BrokenSlipper
Proof,"Science Fiction, Fantasy, Paranormal, Superhero, RPGLit",Frozen Dreams,"Halstead, Jason",Halstead_Jason_TerminusBk 3_FrozenDreams
Proof,"Science Fiction, Fantasy, Paranormal, Superhero, RPGLit",The Vault,"Halstead, Jason",Halstead_Jason_The Vault
Proof,"Science Fiction, Fantasy, Paranormal, Superhero, RPGLit",Vitalis Pt. 1 - New Beginning,"Halstead, Jason",Halstead_Jason_VitalisBk1_Vitalis
Proof,"Science Fiction, Fantasy, Paranormal, Superhero, RPGLit",Vitalis Bk 16 Miss Fortune,"Halstead, Jason",Halstead_Jason_VitalisBk10_MissFortune
Proof,"Science Fiction, Fantasy, Paranormal, Superhero, RPGLit",Vitalis 9,"Halstead, Jason",Halstead_Jason_VitalisBk3_Provenance
Proof,"Science Fiction, Fantasy, Paranormal, Superhero, RPGLit",Vitalis Genesis,"Halstead, Jason",Halstead_Jason_VitalisBk4_Genesis
Proof,"Science Fiction, Fantasy, Paranormal, Superhero, RPGLit",Vitalis Invasion,"Halstead, Jason",Halstead_Jason_VitalisBk5_Invasion
Proof,"Science Fiction, Fantasy, Paranormal, Superhero, RPGLit",Vitalis Chrysalis Bk 12,"Halstead, Jason",Halstead_Jason_VitalisBk6_Chrysalis
Proof,"Science Fiction, Fantasy, Paranormal, Superhero, RPGLit",Vitalis 13: Communion,"Halstead, Jason",Halstead_Jason_VitalisBk7_Communion
Proof,"Science Fiction, Fantasy, Paranormal, Superhero, RPGLit",Vitalis Commandos,"Halstead, Jason",Halstead_Jason_VitalisBk8_Commandos
Proof,"Science Fiction, Fantasy, Paranormal, Superhero, RPGLit",Vitalis: Valkryies,"Halstead, Jason",Halstead_Jason_VitalisBk9_Valkeryies
Proof,"Science Fiction, Fantasy, Paranormal, Superhero, RPGLit",Voidhawk: The Edge of Forever,"Halstead, Jason",Halstead_Jason_VoidhawkBk6_TheEdgeOfForever
Proof,"Science Fiction, Fantasy, Paranormal, Superhero, RPGLit",Broken Shards,"Halstead, Jason",Halstead_Jason_VoidhawkBk7_BrokenShards
Proof,"Science Fiction, Fantasy, Paranormal, Superhero, RPGLit",Fallen Goddess,"Halstead, Jason",Halstead_Jason_VoidhawkBk8_FallenGoddess
Proof,"Science Fiction, Fantasy, Paranormal, Superhero, RPGLit",Queen of Spiders,"Halstead, Jason",Halstead_Jason_VoidhawkBk9_QueenOfSpiders
Proof,"Science Fiction, Fantasy, Paranormal, Superhero, RPGLit",Bounty,"Halstead, Jason",Halstead_Jason_WantedBk3_Bounty
Proof,"Science Fiction, Fantasy, Paranormal, Superhero, RPGLit",Marshal,"Halstead, Jason",Halstead_Jason_WantedBk4_Marshal
Proof,"Science Fiction, Fantasy, Paranormal, Superhero, RPGLit",Child of Fate Bk1,"Halstead, Jason",Halstead_Jason_WorldOfKrothBk1_ChildOfFate
Proof,"Science Fiction, Fantasy, Paranormal, Superhero, RPGLit",Victim of Fate,"Halstead, Jason",Halstead_Jason_WorldOfKrothBk2_VictimOfFate
Proof,"Science Fiction, Fantasy, Paranormal, Superhero, RPGLit",Silver Dragon,"Halstead, Jason",Halstead_Jason_WorldOfKrothBk3_SilverDragon
Proof,"Science Fiction, Fantasy, Paranormal, Superhero, RPGLit",Isle of the Ape,"Halstead, Jason",Halstead_Jason_WorldOfKrothBk4_IsleofTheApe
Proof,"Science Fiction, Fantasy, Paranormal, Superhero, RPGLit",Chasing the Dragon,"Halstead, Jason",Halstead_Jason_WorldOfKrothBk5_ChasingTheDragon
Proof,"Science Fiction, Fantasy, Paranormal, Superhero, RPGLit",Sands of Betrayal,"Halstead, Jason",Halstead_Jason_WorldOfKrothBk6_SandsOfBetrayal
Proof,"Science Fiction, Fantasy, Paranormal, Superhero, RPGLit",Dragonlady,"Halstead, Jason",Halstead_Jason_WorldOfKrothBk7_Dragonlady
Proof,"Science Fiction, Fantasy, Paranormal, Superhero, RPGLit",Servant of the Serpent,"Halstead, Jason",Halstead_Jason_WorldOfKrothBk8_ServantOfTheSerpent
Proof,"Science Fiction, Fantasy, Paranormal, Superhero, RPGLit",Rise of the Serpent,"Halstead, Jason",Halstead_Jason_WorldOfKrothBk9_RiseOfTheSerpent
Copyedit,"Science Fiction, Fantasy, Paranormal, Superhero, RPGLit",Eon - Earl E Hardman,"Hardman, Earl E",Hardman_Earl_E_ChronosRingBk1_Eon
Proof,"Science Fiction, Fantasy, Paranormal, Superhero, RPGLit",Infinity,"Hardman, Kevin",Hardman_Earl_E_ChronosRingBk2_Infinity
Proof,"Science Fiction, Fantasy, Paranormal, Superhero, RPGLit",Terminus,"Hardman, Kevin",Hardman_Kevin_FringeWorldsBk1_Terminus
Proof,"Science Fiction, Fantasy, Paranormal, Superhero, RPGLit",Efferus,"Hardman, Kevin",Hardman_Kevin_FringeWorldsBk2_Efferus
Proof,"Science Fiction, Fantasy, Paranormal, Superhero, RPGLit",Sensation,"Hardman, Kevin",Hardman_Kevin_KidSensationBk1_Sensation
Proof,"Science Fiction, Fantasy, Paranormal, Superhero, RPGLit",Mutation,"Hardman, Kevin",Hardman_Kevin_KidSensationBk2_Mutation
Proof,"Science Fiction, Fantasy, Paranormal, Superhero, RPGLit",Infiltration,"Hardman, Kevin",Hardman_Kevin_KidSensationBk3_Infiltration
Proof,"Science Fiction, Fantasy, Paranormal, Superhero, RPGLit",Revelation,"Hardman, Kevin",Hardman_Kevin_KidSensationBk4_Revelation
Proof,"Science Fiction, Fantasy, Paranormal, Superhero, RPGLit",Coronation,"Hardman, Kevin",Hardman_Kevin_KidSensationBk5_Coronation
Proof,"Science Fiction, Fantasy, Paranormal, Superhero, RPGLit",Amped,"Hardman, Kevin",Hardman_Kevin_KidSensationWorld_Amped
Proof,"Science Fiction, Fantasy, Paranormal, Superhero, RPGLit",Extraction,"Hardman, Kevin",Hardman_Kevin_KidSensationWorld_Extraction
Proof,"Science Fiction, Fantasy, Paranormal, Superhero, RPGLit",Mouse's Tale,"Hardman, Kevin",Hardman_Kevin_KidSensationWorld_MousesTale
Proof,"Science Fiction, Fantasy, Paranormal, Superhero, RPGLit",Warden,"Hardman, Kevin",Hardman_Kevin_WardenBk1_Warden
Proof,"Science Fiction, Fantasy, Paranormal, Superhero, RPGLit",Warden: Lure of Lamia,"Hardman, Kevin",Hardman_Kevin_WardenBk2_Lamia
Proof,"Science Fiction, Fantasy, Paranormal, Superhero, RPGLit",Warden Bk 3 Aswang,"Hardman, Kevin",Hardman_Kevin_WardenBk3_Aswang
Copyedit,Romance/Erotica,Call Me Lorna,"Harte, Tempest",Harte_Tempest_CallMeLorna
Proof,Romance/Erotica,Djinn Betrayal,"Harte, Tempest",Harte_Tempest_DjinnBetrayal
Proof,Romance/Erotica,Djinn Fantasy,"Harte, Tempest",Harte_Tempest_DjinnFantasy
Copyedit,Romance/Erotica,Hey Cupcake,"Harte, Tempest",Harte_Tempest_HeyCupcake
Proof,Romance/Erotica,Nymph of Djinn,"Harte, Tempest",Harte_Tempest_NymphOfDjinn
Proof,Romance/Erotica,Wicked Djinn,"Harte, Tempest",Harte_Tempest_WickedDjinn
Proof,Fiction,Murder At Newberry's,"Heusler, Marianna",Heulser_Marianna_MurderAtNewberrys
Copyedit,"Action, Mystery, Suspense",The Witch's Crawl,"Hicks, Nikki",Hicks_ND_TheWitchsCrawl_Book1
Copyedit,"Action, Mystery, Suspense",The Witch's Crawl Bk 2,"Hicks, Nikki",Hicks_ND_TheWitchsCrawl_Book2
Copyedit,"Action, Mystery, Suspense",The Identity,"Hicks, Nikki",Hicks_Nikki_TheIdentity_PartOne
Copyedit,"Action, Mystery, Suspense",The Identity Book 2,"Hicks, Nikki",Hicks_Nikki_TheIdentity_PartTwo
Copyedit,Fiction,Ruse of Love,"Hines, Jerri","Hines, Jerri Ruse of Love"
Copyedit,Fiction,Belle of Charleston,"Hines, Jerri",Hines_Jerri_SouthernLegacy_Bk1Belle of Charleston
Copyedit,Fiction,Shadows of Magnolia,"Hines, Jerri",Hines_Jerri_SouthernLegacy_Bk2ShadowsOfMagnolia
Copyedit,Fiction,Born to be Brothers,"Hines, Jerri",Hines_Jerri_SouthernLegacy_Bk3BornToBeBrothers
Copyedit,Fiction,The Sun Rises,"Hines, Jerri",Hines_Jerri_SouthernLegacy_Bk4TheSunRises
Copyedit,Fiction,The Heavens Shall Fall,"Hines, Jerri",Hines_Jerri_WindsOfBetrayal_Bk3TheHeavensShallFall
Copyedit,Fiction,Set Fire to the Rain,"Hines, Jerri",Hines_Jerri_WindsOfBetrayal_Bk4SetFireToTheRain
Copyedit,Romance/Erotica,The Wedding dare,"Holmes, Steena","Holmes, Steena The Wedding Dare Four Weddings and a Fiasco 10_28_14"
Proof,Romance/Erotica,Before the Storm,"Holmes, Steena",Holmes_Steena_BeforeTheStorm
Copyedit,Romance/Erotica,Megan's Hope,"Holmes, Steena",Holmes_Steena_MegansHope
Copyedit,Romance/Erotica,Return To Sender,"Holmes, Steena",Holmes_Steena_ReturnToSender_InvitationToEden
Copyedit,Romance/Erotica,Sweet Dreams,"Holmes, Steena",Holmes_Steena_SweetDreams
Proof,Romance/Erotica,The Pirate's Jewel,"Howe, Cheryl",Howe_Cheryl_ThePiratesJewel
Copyedit,Fiction,The Corner Booth,"Ilebode, Kelly",Ilebode_Kelly_CarrasEnterpriseBk1_TheCornerBooth
Copyedit,Fiction,The Chameleon,"Ilebode, Kelly",Ilebode_Kelly_CarrasEnterpriseBk2_TheChameleon
Proof,"science Fiction, Fantasy, Paranormal, Superhero, RPGLit",IN Search of Grace,"Ilebode, Kelly",Ilebode_Kelly_InSearchOfGrace
Proof,"Science Fiction, Fantasy, Paranormal, Superhero, RPGLit",Kelly and the Angel,"Ilebode, Kelly",Ilebode_Kelly_KellyAndTheAngelBk1_TheBirthOfTheSparrow
Copyedit,"Science Fiction, Fantasy, Paranormal, Superhero, RPGLit",The Flight of the Sparrow,"Ilebode, Kelly",Ilebode_Kelly_KellyAndTheAngelBk2_TheFlightOfTheSparrow
Proof,"Science Fiction, Fantasy, Paranormal, Superhero, RPGLit",Dragan's Redemption,"Ilebode, Kelly",Ilebode_Kelly_ManorEchoBk1_DragonsRedemption
Proof,"Science Fiction, Fantasy, Paranormal, Superhero, RPGLit",Aaron's Revenge,"Ilebode, Kelly",Ilebode_Kelly_ManorEchoBk2_AaronsRevenge
Proof,"Science Fiction, Fantasy, Paranormal, Superhero, RPGLit",The Legacy,"Ilebode, Kelly",Ilebode_Kelly_ManorEchoBk3_TheLegacy
Copyedit,fiction,The Turning Point,"Ilebode, Kelly",Ilebode_Kelly_TheTurningPoint
Proof,"Science Fiction, Fantasy, Paranormal, Superhero, RPGLit",Transitory - The Prism,"Jordan, Katina",Jordan_KM_Transitory_ThePrism
Copyedit,Romance/Erotica,Spiraling Deception,"Kahika, Noree",Kahika_Noree_SpiralingDeception
Copyedit,Romance/Erotica,Heart of Stone,"Kahika, Noree",Kahika_Noree_StoneSeriesBk1_HeartOfStone
Copyedit,Romance/Erotica,Carved in Stone,"Kahika, Noree",Kahika_Noree_StoneSeriesBk2_CarvedInStone
Proof,Romance/Erotica,Laws of Attraction,"Kauffman, Crystal",Kauffman_Crystal_LawsOfAttraction
Copyedit,Romance/Erotica,Best Laid Plans,"Kelly, Robyn",Kelly_Robyn_BestLaidPlans_Book1
Copyedit,Romance/Erotica,Best Laid Plans: Going Awry,"Kelly, Robyn",Kelly_Robyn_BestLaidPlans_Book2GoingAwry
Copyedit,Romance/Erotica,Best Laid Hopes,"Kelly, Robyn",Kelly_Robyn_BestLaidPlans_Book3BestLaidHopes
Copyedit,Romance/Erotica,Best Laid Dreams,"Kelly, Robyn",Kelly_Robyn_BestLaidPlans_Book4BestLaidDreams
Copyedit,Fiction,Celia's Shadow,"Kirschenbaum, Sandy",Kirschenbaum_Sandy_CeliasShadow
Copyedit,Fiction,Smart Blondes,"Konso, Sonia",Konso_Sonia_SmartBlondes
Copyedit,Fiction,Inheritance of the Heart,"Koopsman, Jessica",Koopmans_Jessica_InheritanceOfTheHeart
Copyedit,"Science Fiction, Fantasy, Paranormal, Superhero, RPGLit",Extinction,"Korza, Jay",Korza_Jay_Extinction_Bk1
Copyedit,"Science Fiction, Fantasy, Paranormal, Superhero, RPGLit",Extinction Rise of the Cherta,"Korza, Jay",Korza_Jay_Extinction_Bk2TheWillOfTheProtectors
Copyedit,"Action, Mystery, Suspense",The Scent of a Killer,"Korza, Jay",Korza_Jay_ScentOfAKiller
Copyedit,"Science Fiction, Fantasy, Paranormal, Superhero, RPGLit",This Is Not What I Wished For,"Korza, Jay",Korza_Jay_ThisIsNotWhatIWishedFor
Proof,"Science Fiction, Fantasy, Paranormal, Superhero, RPGLit",Reap Not the Dragon,"Kristi, Debra",Kristi_Debra_ReapNotTheDragon
Copyedit,Romance/Erotica,A Bride for the Sheikh,"Lane, Katheryn",Lane_Katheryn_ABrideForTheSheikh
Copyedit,Romance/Erotica,Kidnapped by the Sheikh,"Lane, Katheryn",Lane_Katheryn_KidnappedByTheSheikh
Copyedit,Romance/Erotica,The Desert Sheikh,"Lane, Katheryn",Lane_Katheryn_TheDesertSheikh
Copyedit,Romance/Erotica,The Texas Cowboy,"Lane, Katheryn",Lane_Katheryn_TheTexasCowboy
Copyedit,Romance/Erotica,Trapped by the Sheikh,"Lane, Katheryn",Lane_Katheryn_TrappedByTheSheikh
Copyedit,Romance/Erotica,The Sheikh's Beloved,"Lane, Katheryn",Lane_Kathryn_TheSheikhsBeloved
Proof,Romance/Erotica,Bounty Hunter/Murhpy's Law,"LeClair, Laurie",LeClair_Laurie_BountyHunter_Bk1MurphysLaw
Proof,Romance/Erotica,Riley's Rules,"LeClair, Laurie",LeClair_Laurie_BountyHunter_Bk2RileysRules
Proof,Romance/Erotica,If the Shoe Fits,"LeClair, Laurie",LeClair_Laurie_OnceUponARomance_Bk1_IfTheShoeFits
Copyedit,Romance/Erotica,Baking from the Hart,"LeClair, Laurie",LeClair_Laurie_OnceUponARomance_Bk10_BakingFromTheHart
Copyedit,Romance/Erotica,Melting Her Heart,"LeClair, Laurie",LeClair_Laurie_OnceUponARomance_Bk11_MeltingHerHeart
Copyedit,Romance/Erotica,Princess in Hiding,"LeClair, Laurie",LeClair_Laurie_OnceUponARomance_Bk12_PrincessInHiding
Proof,Romance/Erotica,Waking Sleeping Beauty,"LeClair, Laurie",LeClair_Laurie_OnceUponARomance_Bk2_WakingSleepingBeauty
Proof,Romance/Erotica,Taming McGruff,"LeClair, Laurie",LeClair_Laurie_OnceUponARomance_Bk3_TamingMcGruff
Proof,Romance/Erotica,The Reluctant Beauty,"LeClair, Laurie",LeClair_Laurie_OnceUponARomance_Bk4_TheReluctantBeauty
Proof,Romance/Erotica,Awakened by a Kiss,"LeClair, Laurie",LeClair_Laurie_OnceUponARomance_Bk5_AwakenedByAKiss
Proof,Romance/Erotica,Tangled at First Sight,"LeClair, Laurie",LeClair_Laurie_OnceUponARomance_Bk6_TangledAtFirstSight
Proof,Romance/Erotica,Finding Mr. Just Right,"LeClair, Laurie",LeClair_Laurie_OnceUponARomance_Bk7_FindingMrJustRight
Proof,Romance/Erotica,Making A Splash,"LeClair, Laurie",LeClair_Laurie_OnceUponARomance_Bk8_MakingASplash
Proof,Romance/Erotica,Hoodwinked by a Wolfe,"LeClair, Laurie",LeClair_Laurie_OnceUponARomance_Bk9_HoodwinkedByAWolfe
Copyedit,Romance/Erotica,Her Frog Prince,"LeClair, Laurie",LeClair_Laurie_OnceUponARomanceBk13_Her Frog Prince
Proof,Romance/Erotica,Runaway Wife,"LeClair, Laurie",LeClair_Laurie_RunawayWife
Proof,Romance/Erotica,The Dating Dilemma,"LeClair, Laurie",LeClair_Laurie_SweetSpotBk1_TheDatingDilemma
Proof,Romance/Erotica,Sweet Summertime,"LeClair, Laurie",LeClair_Laurie_SweetSummertime
Proof,Romance/Erotica,The Callahans,"LeClair, Laurie",LeClair_Laurie_The Callahans0.5_  Prequel
Proof,Romance/Erotica,Travis,"LeClair, Laurie",LeClair_Laurie_TheCallahans1_Travis 09_28_15
Proof,Romance/Erotica,Cassie,"LeClair, Laurie",LeClair_Laurie_TheCallahans2_Cassie
Copyedit,Romance/Erotica,The Gift of Hope,"LeClair, Laurie",LeClair_Laurie_TheGiftOfHope
Proof,Romance/Erotica,The Heart Remebers,"LeClair, Laurie",LeClair_Laurie_TheHeartRemembers
Proof,Romance/Erotica,The Long Journey Home,"LeClair, Laurie",LeClair_Laurie_TheLongJourneyHome
Proof,Romance/Erotica,The Bachelor and the Bride,"LeClair, Laurie",LeClair_Laurie_VeryCharmingWedding_Bk1TheBachelorAndTheBride
Proof,Romance/Erotica,The Boss and the Bride,"LeClair, Laurie",LeClair_Laurie_VeryCharmingWedding_Bk2TheBossAndTheBride
Proof,Romance/Erotica,The Bodyguard and the Bride,"LeClair, Laurie",LeClair_Laurie_VeryCharmingWedding_Bk3TheBodyguardAndTheBride
Proof,Romance/Erotica,Wanted: Fairy Godmother,"LeClair, Laurie",Leclair_Laurie_WantedFairyGodmother
Proof,"Action, Mystery, Suspense",Emboozlement,"Leder, Rich",Leder_Rich_McCallCompanyBk2_Emboozlement
Copyedit,Fiction,Unspoken,"Lee, Jesi",Lee_Jesi_Unspoken
Copyedit,Romance/Erotica,Jack,"London, Julia",London_Julia_7BridesFor7Soldiers_Jack
Copyedit,Fiction,Edge of Defiance,"Loye, Trish",Loye_Trish_EDGESecurityBK9_EDGEofDefiance
Copyedit,Fiction,Edge of the Season,"Loye, Trish",Loye_Trish_EdgeSeriesBk4_EDGEoftheSeason
Copyedit,Fiction,EDGE of Courage,"Loye, Trish",Loye_Trish_EdgeSeriesBk5_Edge of Courage
Copyedit,Fiction,EDGE of Fury,"Loye, Trish",Loye_Trish_EdgeSeriesBk7_EDGEofFury
Copyedit,Fiction,EDGE of Defiance + Christmas SS,"Loye, Trish",Loye_Trish_EdgeSeriesBk8_EDGESecuritytheBeginning
Proof,Romance/Erotica,Passion ,"MacKay, Cali",MacKay_Cali_BillionairesSeductionBk1_Passion
Proof,Romance/Erotica,Obession,"MacKay, Cali",MacKay_Cali_BillionairesSeductionBk2_Obession
Proof,Romance/Erotica,Seduction,"MacKay, Cali",MacKay_Cali_BillionairesSeductionBk3_Seduction
Proof,Romance/Erotica,Temptation,"MacKay, Cali",MacKay_Cali_BillionairesSeductionBk4_Temptation
Proof,Romance/Erotica,Seduction and Surrender,"MacKay, Cali",MacKay_Cali_BillionairesTemptationBk1_SeductionAndSurrender
Proof,Romance/Erotica,Billionaire and Detective,"MacKay, Cali",MacKay_Cali_BillionairesTemptationBk2_SubmissionAndSurrender
Proof,Romance/Erotica,Love and Surrender,"MacKay, Cali",MacKay_Cali_BillionairesTemptationBk3_LoveAndSurrender
Proof,Romance/Erotica,Deception and Surrender,"MacKay, Cali",MacKay_Cali_BillionairesTemptationBk4_DeceptionAndSurrender
Proof,Romance/Erotica,Ravage and Surrender,"MacKay, Cali",MacKay_Cali_BillionairesTemptationBk5_RavageAndSurrender
Proof,Romance/Erotica,Passion and Surrender,"MacKay, Cali",MacKay_Cali_BillionairesTemptationBk6_PassionAndSurrender
Proof,Romance/Erotica,Forced,"MacKay, Cali",MacKay_Cali_BlackthornBrothers_Bk1Forced
Proof,Romance/Erotica,Shattered,"MacKay, Cali",MacKay_Cali_BlackthornBrothers_Bk2Shattered
Proof,Romance/Erotica,Vengeance,"MacKay, Cali",MacKay_Cali_BlackthornBrothers_Bk3Vengeance
Proof,Romance/Erotica,Scorch,"MacKay, Cali",MacKay_Cali_BlackthornBrothers_Bk4Scorch
Proof,Romance/Erotica,Slater,"MacKay, Cali",MacKay_Cali_BlackthornBrothers_Bk5Falling
Proof,Romance/Erotica,Forbidden Part 1,"MacKay, Cali",MacKay_Cali_ForbiddenPart1
Proof,Romance/Erotica,Forbidden Part 2,"MacKay, Cali",MacKay_Cali_ForbiddenPart2
Proof,Romance/Erotica,Forbidden Pt 3,"MacKay, Cali",MacKay_Cali_ForbiddenPart3
Proof,Romance/Erotica,Forbidden Part 4,"MacKay, Cali",MacKay_Cali_ForbiddenPart4
Proof,Romance/Erotica,Highland Heist,"MacKay, Cali",MacKay_Cali_HighlandHeartBk3_AHighlandHeist
Proof,Romance/Erotica,Maine Bk. 1,"MacKay, Cali",MacKay_Cali_MermaidIsleBk1_OneSweetSummer
Proof,Romance/Erotica,Maine Bk. 2,"MacKay, Cali",MacKay_Cali_MermaidIsleBk2_ForLoveOrTreasure
Proof,Romance/Erotica,Maine Bk 3,"MacKay, Cali",MacKay_Cali_MermaidIsleBk3_SweetDanger
Proof,Romance/Erotica,Greyson Part 1,"MacKay, Cali",MacKay_Cali_SilverMoon_Greyson_Part1
Proof,Romance/Erotica,Greyson Part 2,"MacKay, Cali",MacKay_Cali_SilverMoon_Greyson_Part2
Proof,Romance/Erotica,Greyson Part 3,"MacKay, Cali",MacKay_Cali_SilverMoon_Greyson_Part3
Proof,Romance/Erotica,Greyson Part 4,"MacKay, Cali",MacKay_Cali_SilverMoon_Greyson_Part4
Proof,Romance/Erotica,Ryder,"MacKay, Cali",MacKay_Cali_SilverMoon_Ryder
Proof,Romance/Erotica,Thayer,"MacKay, Cali",MacKay_Cali_SilverMoon_Thayer
Proof,Romance/Erotica,Taken Back,"MacKay, Cali",MacKay_Cali_TakenSeriesBk1_TakenBack
Proof,Romance/Erotica,Taken Again,"MacKay, Cali",MacKay_Cali_TakenSeriesBk2_TakenAgain
Proof,Romance/Erotica,Pirate and the Fiesty Maid,"MacKay, Cali",MacKay_Cali_ThePirateAndTheFiesty Maid_pt3
Proof,"Science Fiction, Fantasy, Paranormal, Superhero, RPGLit",Claimed by the Beast Bk 1,"Michelle, Dawn",Michelle_Dawn_ClaimedByTheBeastBk1
Proof,"Science Fiction, Fantasy, Paranormal, Superhero, RPGLit",Claimed by the Beast Bk 2,"Michelle, Dawn",Michelle_Dawn_ClaimedByTheBeastBk2
Proof,"Science Fiction, Fantasy, Paranormal, Superhero, RPGLit",Claimed by the Beast Bk 3,"Michelle, Dawn",Michelle_Dawn_ClaimedByTheBeastBk3
Proof,"Science Fiction, Fantasy, Paranormal, Superhero, RPGLit",Claimed by the Beast Bk 4,"Michelle, Dawn",Michelle_Dawn_ClaimedByTheBeastBk4
Proof,"Science Fiction, Fantasy, Paranormal, Superhero, RPGLit",Claimed by the Beast Bk 5,"Michelle, Dawn",Michelle_Dawn_ClaimedByTheBeastBk5
Proof,"Science Fiction, Fantasy, Paranormal, Superhero, RPGLit",Claimed by the Beast Bk 6,"Michelle, Dawn",Michelle_Dawn_ClaimedByTheBeastBk6
Proof,"Science Fiction, Fantasy, Paranormal, Superhero, RPGLit",Taken By the Beast,"Halstead, Jason",Michelle_Dawn_TakenByTheBeast
Proof,Fiction,Crocodile Rock,"Napier, Julie",Napier_Julie_CrocodileRock
Proof,Fiction,Tender Thorn,"Napier, Julie",Napier_Julie_TenderThorn
Copyedit,"Action, Mystery, Suspense",Wholesome,"Nehring, Deena",Nehring_Deena_Wholesome
Proof,Romance/Erotica,Developing Cassandra,"Hart, Niki",Niki_Hart_DevelopingCassandra
Copyedit,Fiction,Once Upon A Time in LA,"Paar, Howard",Paar_Howard_OnceUponATimeInLA
Proof,"Action, Mystery, Suspense",You Know Who I Am,"Patterson, Diane",Patterson_Diane_DrusillaThorneMysteriesBk1_YouKnowWhoIAm
Proof,"Action, Mystery, Suspense",The Sound of Footsteps,"Patterson, Diane",Patterson_Diane_DruslliaThorneMysteriesBk.5_TheSoundOfFootsteps
Copyedit,"Science Fiction, Fantasy, Paranormal, Superhero, RPGLit",The Watcher of the Night Sky,"Pudsey, Rachel",Pudsey_Rachel_AroniaSeriesBk1_TheWatcheroftheNightSky
Copyedit,"Science Fiction, Fantasy, Paranormal, Superhero, RPGLit",The Faelti,"Pudsey, Rachel",Pudsey_Rachel_AroniaSeriesBk2_TheFaelti
Copyedit,Fiction,Baggage Check,"Pullen, MJ",Pullen_MJ_BaggageCheck
Copyedit,Fiction,City of Yes,"Pullen, MJ",Pullen_MJ_CItyOfYes
Copyedit,Fiction,Every Other Saturday,"Pullen, MJ",Pullen_MJ_EveryOtherSaturday
Copyedit,Fiction,Regrets Only,"Pullen, MJ",Pullen_MJ_RegretsOnly
Copyedit,Fiction,The Marriage Pact,"Pullen, MJ",Pullen_MJ_TheMarriagePact
Copyedit,Romance/Erotica,She's Got It All,"Quinlan, Jewel",Quinlan_Jewel_She'sGotItAll
Copyedit,"Science Fiction, Fantasy, Paranormal, Superhero, RPGLit",Surrender Sweet Succubus,"Quinlan, Jewel",Quinlan_Jewel_SurrenderSweetSuccubus
Proof,Romance/Erotica,A Knight in Central Park,"Ragan, Theresa",Ragan_Theresa_AKnightinCentralPark
Proof,Romance/Erotica,An Offer He Can't Refuse,"Ragan, Theresa",Ragan_Theresa_AnOfferHeCantRefuse
Copyedit,Fiction,Finding Kate Huntley,"Ragan, Theresa",Ragan_Theresa_FindingKateHuntley
Proof,Romance/Erotica,Having My Baby,"Ragan, Theresa",Ragan_Theresa_HavingMyBaby
Proof,Romance/Erotica,Here Comes the Bride,"Ragan, Theresa",Ragan_Theresa_HereComesTheBride
Proof,Romance/Erotica,Return of the Rose,"Ragan, Theresa",Ragan_Theresa_ReturnOfTheRose
Copyedit,Romance/Erotica,Taming Mad Max,"Ragan, Theresa",Ragan_Theresa_TamingMadMax
Copyedit,Romance/Erotica,Gambling On Love,"Reeves, Kimberley",Reeves_Kimberly_GamblingOnLove
Copyedit,"Science Fiction, Fantasy, Paranormal, Superhero, RPGLit",War of Angels/School of Shadows,"Schutter, CW",Schutte_CW_SchoolofShadows
Copyedit,Fiction,Ambush Road,"Schutter, CW",Schutter_CW_AmbushRoad
Proof,Romance/Erotica,Heart of The Billioniare,"Scott, JS",Scott_JS_BillionairesObsessionBk2_HeartoftheBillionaire_Sam
Proof,Romance/Erotica,Billionaires_Obsession_BoxedSet,"Scott, JS",Scott_JS_BillionairesObsessionBoxedSetBooks1-4_Simon
Proof,Romance/Erotica,Billionaire's Salvation,"Scott, JS",Scott_JS_BillionairesSalvation_Max
Proof,Romance/Erotica,Billionaire Unbound - Chloe & Gabe,"Scott, JS",Scott_JS_BillionaireUnbound_Chloe
Proof,Romance/Erotica,Billionaire Undaunted - Zane,"Scott, JS",Scott_JS_BillionaireUndaunted_Zane
Proof,Romance/Erotica,Billionaire Undone,"Scott, JS",Scott_JS_BillionaireUndone_Travis
Proof,Romance/Erotica,Billionaire Unknown - Blake,"Scott, JS",Scott_JS_BillionaireUnknown
Proof,Romance/Erotica,Billionaire Unloved,"Scott, JS",Scott_JS_BillionaireUnloved_Jet
Copyedit,Romance/Erotica,Billionaire Unmasked,"Scott, JS",Scott_JS_BillionaireUnmasked_Jason
Copyedit,Romance/Erotica,Billionaire Untamed,"Scott, JS",Scott_JS_BillionaireUntamed_Tate
Proof,Romance/Erotica,Billionaire Unveiled,"Scott, JS",Scott_JS_BillionaireUnveiled_Marcus
Proof,Romance/Erotica,Temporary Groom,"Scott, JS",Scott_JS_LeftAtTheAltarBk1_TemporaryGroom
Proof,Romance/Erotica,A Dangerous Bargain,"Scott, JS",Scott_JS_SentinelDemonsBk1_ADangerousBargain
Proof,Romance/Erotica,A Dangerous Hunger,"Scott, JS",Scott_JS_SentinelDemonsBk2_ADangerousHunger Bk 2
Proof,Romance/Erotica,A Dangerous Fury,"Scott, JS",Scott_JS_SentinelDemonsBk3_ADangerousFury
Proof,Romance/Erotica,Billionaire's Game - Kade,"Scott, JS",Scott_JS_TheBillionairesGame_Kade
Copyedit,Fiction,Four Wheel Flying,"Bettencourt, Rick",Sexton_Dan_FourWheelFlying
Copyedit,"Action, Mystery, Suspense",Codename: Chandler - Deadly/Nasty,"Sharp, Tracy",Sharp_Tracy_CodenameChandler_Deadly
Proof,"Action, Mystery, Suspense",Double Shot,"Sharp, Tracy",Sharp_Tracy_DoubleShot
Proof,"Science Fiction, Fantasy, Paranormal, Superhero, RPGLit",Intruders The Awakening,"Sharp, Tracy",Sharp_Tracy_IntrudersTheAwakeningBook2
Proof,Romance/Erotica,Magical Dare,"Sharp, Tracy",Sharp_Tracy_MagicalDare
Proof,Romance/Erotica,Shield Me,"Sharp, Tracy",Sharp_Tracy_ShieldMe_HotSeals
Copyedit,"Science Fiction, Fantasy, Paranormal, Superhero, RPGLit",Spooked,"Sharp, Tracy",Sharp_Tracy_Spooked
Copyedit,Romance/Erotica,Wish to Dare,"Sharp, Tracy",Sharp_Tracy_WishToDare
Copyedit,Romance/Erotica,Trouble in a Tight Dress,"Sjoberg, Lori",Sjoberg_Lori_SixPointsBk1_TroubleInATightDress
Copyedit,Romance/Erotica,Danger in a Dive Bar,"Sjoberg, Lori",Sjoberg_Lori_SixPointsBk2_DangerInADiveBar
Copyedit,Romance/Erotica,Star in a Firestorm,"Sjoberg, Lori",Sjoberg_Lori_SixPointsBk3_StarInAStorm
Copyedit,Romance/Erotica,Driven,"Sjoberg, Lori",Sjoberg_Lori_SouthernAlphasBk1_Driven
Copyedit,Romance/Erotica,Fractured,"Sjoberg, Lori",Sjoberg_Lori_SouthernAlphasBk2_Fractured
Copyedit,Romance/Erotica,Devoted,"Sjoberg, Lori",Sjoberg_Lori_SouthernAlphasBk3_Devoted
Copyedit,Romance/Erotica,Denied,"Sjoberg, Lori",Sjoberg_Lori_SouthernAlphasBk4_Denied
Proof,Fiction,Confessions of A City Girl: LA,"Sobanet, Juliette",Sobanet_Juliette_ConfessionsLosAngeles
Proof,Fiction,City Girl: San Diego,"Sobanet, Juliette",Sobanet_Juliette_ConfessionsSanDiego
Copyedit,"Action, Mystery, Suspense",Auburn Ride,"Stever, Dave",Steever_David_JohnnyDelarosaThrillerBk1_AuburnRide
Copyedit,"Action, Mystery, Suspense",Toxic Blonde,"Stever, Dave",Steever_David_JohnnyDelarosaThrillerBk2_ToxicBlonde
Proof,Fiction,Glimpses,"Taylor, J.E.",Taylor_JE_Glimpses
Proof,Fiction,House Rules,"Taylor, J.E.",Taylor_JE_HouseRules
Proof,"Science Fiction, Fantasy, Paranormal, Superhero, RPGLit",Messiah,"Taylor, J.E.",Taylor_JE_Messiah
Copyedit,Romance/Erotica,Steam,"Taylor, J.E.",Taylor_JE_Steam
Copyedit,"Science Fiction, Fantasy, Paranormal, Superhero, RPGLit",Ritual,"Taylor, Lola",Taylor_Lola_Bk6_Ritual
Copyedit,"Science Fiction, Fantasy, Paranormal, Superhero, RPGLit",Zombie Whisperer,"Torres, Caterina",Torres_Caterina_ZombieWhisperer
Copyedit,"Science Fiction, Fantasy, Paranormal, Superhero, RPGLit",vnNesSsa,"Tracey, Lane",Tracey_Lane_vnNeSsa
Copyedit,"Science Fiction, Fantasy, Paranormal, Superhero, RPGLit",Kai,"Ullmer, Valerie",Ullmer_Valerie_DarkAssassinsBk1_Kai
Copyedit,"Science Fiction, Fantasy, Paranormal, Superhero, RPGLit",Reaper,"Ullmer, Valerie",Ullmer_Valerie_DarkAssassinsBk2_Reaper
Copyedit,"Science Fiction, Fantasy, Paranormal, Superhero, RPGLit",Seth - Assassin series,"Ullmer, Valerie",Ullmer_Valerie_DarkAssassinsBk3_Seth
Copyedit,"Science Fiction, Fantasy, Paranormal, Superhero, RPGLit",Xander,"Ullmer, Valerie",Ullmer_Valerie_DarkAssassinsBk4_Xander
Proof,"Science Fiction, Fantasy, Paranormal, Superhero, RPGLit",Jade,"Ullmer, Valerie",Ullmer_Valerie_DarkAssassinsBk5_Jade
Copyedit,Romance/Erotica,Her Perfect Match,"Ullmer, Valerie",Ullmer_Valerie_HisPerfectMatch
Copyedit,Romance/Erotica,The Mistaken Escort's Pleasure,"Ullmer, Valerie",Ullmer_Valerie_MistakenEscortsPleasure
Proof,Romance/Erotica,Unexpected,"Ullmer, Valerie",Ullmer_Valerie_Unexpected
Copyedit,Fiction,Being Shirley,"Vernal, Michelle",Vernal_Michelle_BeingShirley
Copyedit,Fiction,Second-hand Jane,"Vernal, Michelle",Vernal_Michelle_SecondhandJane
Copyedit,Fiction,"Life, Take Three","Vince, Suzanne",Vince_Suzanne_LifeTakeThree
Copyedit,Fiction,My Mother's Journals,"Vince, Suzanne",Vince_Suzanne_MyMothersJournals
Copyedit,Fiction,The Many Lives of June Crandall,"Vince, Suzanne",Vince_Suzanne_TheManyLivesOfJuneCrandall
Copyedit,Fiction,The Other Side of the World,"Vince, Suzanne",Vince_Suzanne_TheOtherSideOfTheWorld_Bk1Luke
Copyedit,Fiction,The Other Side of the World - Talia,"Vince, Suzanne",Vince_Suzanne_TheOtherSideOfTheWorld_bk2Talia'sStory
Copyedit,Fiction,The Christmas Gift,"Vince, Suzanne",Vince_Suzanne_TheOtherSideOfTheWorld_TheChristmasGift
Proof,"Science Fiction, Fantasy, Paranormal, Superhero, RPGLit",A Time to Mend Bk 1 Wilderness Edge,"Walton, Sean",Walton_Sean_ATimeToMendBk1_WildernessEdge
Proof,"Science Fiction, Fantasy, Paranormal, Superhero, RPGLit",A Time to Mend Bk 2 Lost in the Eaves,"Walton, Sean",Walton_Sean_ATimeToMendBk2_LostInTheEaves
Copyedit,"Science Fiction, Fantasy, Paranormal, Superhero, RPGLit",Generals Vie,"Walton, Sean",Walton_Sean_ATimeToMendBk3_GeneralsVie
Proof,"Science Fiction, Fantasy, Paranormal, Superhero, RPGLit",Elixir Quest,"Walton, Sean",Walton_Sean_DragonsCurseBk1_ElixirQuest
Proof,"Science Fiction, Fantasy, Paranormal, Superhero, RPGLit",Pariah,"Walton, Sean",Walton_Sean_DragonsCurseBk2_TheEmptyCurse
Copyedit,"Science Fiction, Fantasy, Paranormal, Superhero, RPGLit",The Forbidden,"Walton, Sean",Walton_Sean_Dragon'sCurseBk3_TheForbidden
Copyedit,"Science Fiction, Fantasy, Paranormal, Superhero, RPGLit",Worlds #1: The Hatcher,"Walton, Sean",Walton_Sean_SplitBetweenWorldsBk1_TheDragonJudge
Copyedit,"Science Fiction, Fantasy, Paranormal, Superhero, RPGLit",Worlds #2: Dragon's Coup,"Walton, Sean",Walton_Sean_SplitBetweenWorldsBk2_Dragon'sCoup
Copyedit,"Science Fiction, Fantasy, Paranormal, Superhero, RPGLit",Worlds #3: Dragon Punisher,"Walton, Sean",Walton_Sean_SplitBetweenWorldsBk3_TheDragonPunisher
Copyedit,"Science Fiction, Fantasy, Paranormal, Superhero, RPGLit",Worlds #4: Dragon Stature,"Walton, Sean",Walton_Sean_SplitBetweenWorldsBk4_DragonStature
Copyedit,Fiction,Next To Impossible,"White, Scott",White_Scott_NextToImpossible
Copyedit,Romance/Erotica,The Proposal,"Zante, Lily",Zante_ Lily_TheProposal
Copyedit,Romance/Erotica,Heart Sync,"Zante, Lily",Zante_Lily_HeartSync
Copyedit,Romance/Erotica,Lost in Solo,"Zante, Lily",Zante_Lily_LostInSolo